"Days in Date","Leads","Acqs","Regs","Ratio","Cont from Lds","%Cont from Lds","Cont","Cont%","Phone Comm","% Phone Comm","% Acqs/Leads","% Acqs/Cont","% Regs/Cont","Calls","Calls per Lead","%Cont/Calls","Retries","Retries per Lead","Contract Price","SOV"
"1.9.2026","104",,,,"27","0.25961538461538464","18","0.17307692307692307","34","0.3269230769230769","0","0","0","659","6.336538461538462","0.030349013657056147","614","5.903846153846154","0","0"
"2.9.2026","49","1","1","1","39","0.7959183673469388","29","0.5918367346938775","55","1.1224489795918366","0.02040816326530612","0.034482758620689655","0.021739130434782608","615","12.551020408163266","0.07479674796747968","576","11.755102040816327","979.3","783.44"
"3.9.2026","35",,,,"12","0.34285714285714286","16","0.45714285714285713","30","0.8571428571428571","0","0","0","779","22.257142857142856","0.025673940949935817","743","21.228571428571428","0","0"
"4.9.2026","43","1","1","1","11","0.2558139534883721","20","0.46511627906976744","27","0.627906976744186","0.023255813953488372","0.05","0.05","516","12","0.03875968992248062","485","11.279069767441861","1,399","1,119.2"
"7.9.2026","42","1","1","1","13","0.30952380952380953","9","0.21428571428571427","19","0.4523809523809524","0.023809523809523808","0.1111111111111111","0.08333333333333333","245","5.833333333333333","0.04897959183673469","227","5.404761904761905","1,399","1,119.2"
"8.9.2026","78",,,,"22","0.28205128205128205","15","0.19230769230769232","27","0.34615384615384615","0","0","0","495","6.346153846153846","0.03636363636363636","464","5.948717948717949","0","0"
"9.9.2026","71",,,,"44","0.6197183098591549","34","0.4788732394366197","57","0.8028169014084507","0","0","0","744","10.47887323943662","0.06451612903225806","702","9.887323943661972","0","0"
"10.9.2026","62","2","2","1","14","0.22580645161290322","19","0.3064516129032258","29","0.46774193548387094","0.03225806451612903","0.10526315789473684","0.1","499","8.048387096774194","0.04008016032064128","466","7.516129032258065","1,734.4","1,387.5200000000002"
"11.9.2026","51",,,,"10","0.19607843137254902","13","0.2549019607843137","23","0.45098039215686275","0","0","0","350","6.862745098039215","0.037142857142857144","320","6.2745098039215685","0","0"
"14.9.2026","28",,,,"8","0.2857142857142857","12","0.42857142857142855","16","0.5714285714285714","0","0","0","474","16.928571428571427","0.027426160337552744","449","16.035714285714285","0","0"
"15.9.2026","34",,,,"8","0.23529411764705882","10","0.29411764705882354","12","0.35294117647058826","0","0","0","271","7.970588235294118","0.04059040590405904","255","7.5","0","0"
"16.9.2026","31","1","1","1","14","0.45161290322580644","17","0.5483870967741935","23","0.7419354838709677","0.03225806451612903","0.058823529411764705","0.058823529411764705","422","13.612903225806452","0.04028436018957346","384","12.387096774193548","895","716"
"17.9.2026","33","1","1","1","14","0.42424242424242425","18","0.5454545454545454","28","0.8484848484848485","0.030303030303030304","0.05555555555555555","0.05263157894736842","445","13.484848484848484","0.04269662921348315","405","12.272727272727273","839.4","671.52"
"18.9.2026","36",,,,"13","0.3611111111111111","17","0.4722222222222222","35","0.9722222222222222","0","0","0","627","17.416666666666668","0.03189792663476874","600","16.666666666666668","0","0"
"21.9.2026","30","1","1","1","36","1.2","22","0.7333333333333333","49","1.6333333333333333","0.03333333333333333","0.045454545454545456","0.022727272727272728","664","22.133333333333333","0.06626506024096386","637","21.233333333333334","979.3","783.44"
"22.9.2026","39",,,,"33","0.8461538461538461","24","0.6153846153846154","39","1","0","0","0","542","13.897435897435898","0.06457564575645756","533","13.666666666666666","0","0"
"23.9.2026","36",,,,"15","0.4166666666666667","22","0.6111111111111112","24","0.6666666666666666","0","0","0","762","21.166666666666668","0.03280839895013123","741","20.583333333333332","0","0"
"24.9.2026","51","5","5","1","40","0.7843137254901961","37","0.7254901960784313","52","1.0196078431372548","0.09803921568627451","0.13513513513513514","0.09615384615384616","748","14.666666666666666","0.06951871657754011","718","14.07843137254902","305","244"
"25.9.2026","32","1","1","1","11","0.34375","13","0.40625","16","0.5","0.03125","0.07692307692307693","0.06666666666666667","531","16.59375","0.02824858757062147","515","16.09375","49","39.2"
"28.9.2026","4",,,,"1","0.25",,"0",,"0","0",,"0",,"0",,,"0","0","0"
